{"cameraMode":{"drawMode":0,"name":"Shaded","section":"Shading Mode"},"sceneLighting":true,"audioPlay":false,"sceneViewState":{"showFog":true,"showMaterialUpdate":true,"showSkybox":true,"showFlares":true,"showImageEffects":true,"showParticleSystems":true},"in2DMode":false,"pivot":{"x":-39.503326416015628,"y":31.786575317382814,"z":130.84466552734376},"rotation":{"x":0.411466121673584,"y":0.46304425597190859,"z":-0.25682130455970766,"w":0.7418573498725891},"size":280.9891052246094,"orthographic":false}