{"cameraMode":{"drawMode":0,"name":"Shaded","section":"Shading Mode"},"sceneLighting":false,"audioPlay":false,"sceneViewState":{"showFog":true,"showMaterialUpdate":true,"showSkybox":false,"showFlares":true,"showImageEffects":true,"showParticleSystems":true},"in2DMode":false,"pivot":{"x":0.9600000381469727,"y":1.4910128116607667,"z":-2.2090001106262209},"rotation":{"x":-0.08673868328332901,"y":-0.10350349545478821,"z":0.008995180949568749,"w":-0.9908629059791565},"size":16.906532287597658,"orthographic":false}