{"cameraMode":{"drawMode":0,"name":"Shaded","section":"Shading Mode"},"sceneLighting":true,"audioPlay":false,"sceneViewState":{"showFog":true,"showMaterialUpdate":true,"showSkybox":true,"showFlares":true,"showImageEffects":true,"showParticleSystems":true},"in2DMode":false,"pivot":{"x":-3.6799702644348146,"y":33.74544906616211,"z":-24.377059936523439},"rotation":{"x":0.26323288679122927,"y":-0.01446900051087141,"z":0.003954090643674135,"w":0.9646273851394653},"size":15.15876293182373,"orthographic":false}