{"cameraMode":{"drawMode":0,"name":"Shaded","section":"Shading Mode"},"sceneLighting":false,"audioPlay":false,"sceneViewState":{"showFog":false,"showMaterialUpdate":false,"showSkybox":false,"showFlares":false,"showImageEffects":false,"showParticleSystems":false},"in2DMode":false,"pivot":{"x":0.5193322896957398,"y":0.3777545690536499,"z":1.367347002029419},"rotation":{"x":-0.12120327353477478,"y":0.22661249339580537,"z":-0.02840954065322876,"w":-0.9660199284553528},"size":6.182659149169922,"orthographic":false}