{"cameraMode":{"drawMode":0,"name":"Shaded","section":"Shading Mode"},"sceneLighting":true,"audioPlay":false,"sceneViewState":{"showFog":true,"showMaterialUpdate":true,"showSkybox":true,"showFlares":true,"showImageEffects":true,"showParticleSystems":true},"in2DMode":false,"pivot":{"x":513.7847900390625,"y":123.49484252929688,"z":-168.95709228515626},"rotation":{"x":0.0548505075275898,"y":0.02845407836139202,"z":-0.00155695341527462,"w":0.9981009364128113},"size":516.7744140625,"orthographic":false}