{"cameraMode":{"drawMode":0,"name":"Shaded","section":"Shading Mode"},"sceneLighting":false,"audioPlay":false,"sceneViewState":{"showFog":false,"showMaterialUpdate":false,"showSkybox":false,"showFlares":false,"showImageEffects":false,"showParticleSystems":false},"in2DMode":false,"pivot":{"x":0.5193322896957398,"y":0.3777545690536499,"z":1.367347002029419},"rotation":{"x":-0.10958604514598847,"y":0.00985737144947052,"z":-0.001064634183421731,"w":-0.9939504265785217},"size":4.382658004760742,"orthographic":false}