{"cameraMode":{"drawMode":0,"name":"Shaded","section":"Shading Mode"},"sceneLighting":true,"audioPlay":false,"sceneViewState":{"showFog":true,"showMaterialUpdate":true,"showSkybox":true,"showFlares":true,"showImageEffects":true,"showParticleSystems":true},"in2DMode":false,"pivot":{"x":208.1685333251953,"y":70.3478012084961,"z":-155.33624267578126},"rotation":{"x":-0.07893360406160355,"y":-0.3488081395626068,"z":0.02935984916985035,"w":-0.933497965335846},"size":44.028587341308597,"orthographic":false}