{"cameraMode":{"drawMode":0,"name":"Shaded","section":"Shading Mode"},"sceneLighting":true,"audioPlay":false,"sceneViewState":{"showFog":true,"showMaterialUpdate":true,"showSkybox":true,"showFlares":true,"showImageEffects":true,"showParticleSystems":true},"in2DMode":false,"pivot":{"x":-518.7379760742188,"y":-14.984130859375,"z":-274.0885009765625},"rotation":{"x":-0.5077401995658875,"y":0.10870290547609329,"z":-0.06487534195184708,"w":-0.8522557020187378},"size":394.47808837890627,"orthographic":false}