{"cameraMode":{"drawMode":0,"name":"Shaded","section":"Shading Mode"},"sceneLighting":false,"audioPlay":false,"sceneViewState":{"showFog":true,"showMaterialUpdate":true,"showSkybox":false,"showFlares":true,"showImageEffects":true,"showParticleSystems":true},"in2DMode":false,"pivot":{"x":-0.18596181273460389,"y":0.8665889501571655,"z":-0.2953646183013916},"rotation":{"x":0.017686864361166955,"y":-0.021583786234259607,"z":-0.00035484402906149626,"w":-0.9996303915977478},"size":2.7571089267730715,"orthographic":false}