{"cameraMode":{"drawMode":0,"name":"Shaded","section":"Shading Mode"},"sceneLighting":true,"audioPlay":false,"sceneViewState":{"showFog":true,"showMaterialUpdate":true,"showSkybox":true,"showFlares":true,"showImageEffects":true,"showParticleSystems":true},"in2DMode":false,"pivot":{"x":-2.0088419914245607,"y":-1.4562163352966309,"z":0.41113340854644778},"rotation":{"x":-0.2818959951400757,"y":-0.672023355960846,"z":0.3100070059299469,"w":-0.6107456088066101},"size":40.05218505859375,"orthographic":false}