{"cameraMode":{"drawMode":0,"name":"Shaded","section":"Shading Mode"},"sceneLighting":true,"audioPlay":false,"sceneViewState":{"showFog":true,"showMaterialUpdate":true,"showSkybox":true,"showFlares":true,"showImageEffects":true,"showParticleSystems":true},"in2DMode":false,"pivot":{"x":-2.7948622703552248,"y":2.1891841888427736,"z":-1.6543254852294922},"rotation":{"x":0.40403077006340029,"y":0.0862390398979187,"z":-0.03829498216509819,"w":0.9098677635192871},"size":54.1129035949707,"orthographic":false}