{"cameraMode":{"drawMode":0,"name":"Shaded","section":"Shading Mode"},"sceneLighting":false,"audioPlay":false,"sceneViewState":{"showFog":true,"showMaterialUpdate":true,"showSkybox":false,"showFlares":true,"showImageEffects":true,"showParticleSystems":true},"in2DMode":false,"pivot":{"x":25.70907211303711,"y":7.855300426483154,"z":-6.58836030960083},"rotation":{"x":-0.11078708618879318,"y":-0.5781255960464478,"z":0.0795530378818512,"w":-0.8045439720153809},"size":6.449337959289551,"orthographic":false}