{"cameraMode":{"drawMode":0,"name":"Shaded","section":"Shading Mode"},"sceneLighting":false,"audioPlay":false,"sceneViewState":{"showFog":true,"showMaterialUpdate":true,"showSkybox":false,"showFlares":true,"showImageEffects":true,"showParticleSystems":true},"in2DMode":false,"pivot":{"x":-0.884861946105957,"y":1.486307144165039,"z":-2.2090001106262209},"rotation":{"x":-0.10037270933389664,"y":0.07248876243829727,"z":-0.007397317793220282,"w":-0.9923420548439026},"size":18.982851028442384,"orthographic":false}